﻿<?xml version="1.0" encoding="utf-8"?><Search><pages Count="8"><page Index="1"><![CDATA[Prof. João Carlos F. de Jesus   Tel : 988425036   -  Licenciado  e Especialista em Matemática UFPA
                          CURSO DE MATEMÁTICA PROFESSOR JOÃO CARLOS           Pág:1]]></page><page Index="2"><![CDATA[Prof. João Carlos F. de Jesus   Tel : 988425036   -  Licenciado  e Especialista em Matemática UFPA
                          CURSO DE MATEMÁTICA PROFESSOR JOÃO CARLOS           Pág:2
                       INTRODUÇÃO À EDUCAÇÃO FINANCEIRA


     1)  INTRODUÇÃO:  Nesta  apostila,  você  encontrará  informações
     importantes  sobre  educação  financeira.  Você  aprenderá  conceitos
     básicos, como planejamento financeiro, dívidas, investimentos e prote-
     ção  financeira.  Ao  final,  você  terá  ferramentas  para  cuidar  bem  das
     suas finanças e alcançar seus objetivos.


                   2. RECEITAS, DESPESAS E ORÇAMENTO


     2.2) Receitas são as entradas de dinheiro, como salários, aluguéis e
     outros.

     2,3) Despesas são as saídas de dinheiro, como contas de luz, água e
     outras.

     2,4) Orçamento é o planejamento das receitas e despesas. É impor-
     tante fazer um orçamento para controlar as finanças e alcançar seus
     objetivos
                        3. PLANEJAMENTO FINANCEIRO


     3.1)  IMPORTÂNCIA  :  O  planejamento  financeiro  é  importante  para
     alcançar suas metas financeiras, como poupar para a aposentadoria,
     comprar um carro ou uma casa.
     •  Para fazer um bom planejamento financeiro, é importante:

     •  Definir metas financeiras

     •  Fazer um orçamento realista

     •  Controlar gastos

     •  Investir o dinheiro corretamente


                                     4. DÍVIDAS
     4.1) Conceito:
     Dívidas são empréstimos que precisam ser pagos com juros.]]></page><page Index="3"><![CDATA[Prof. João Carlos F. de Jesus   Tel : 988425036   -  Licenciado  e Especialista em Matemática UFPA
                          CURSO DE MATEMÁTICA PROFESSOR JOÃO CARLOS           Pág:3

     •  É importante evitar dívidas desnecessárias e pagar as dívidas em
     dia para não prejudicar as suas finanças.
     IMPORTANTE : Algumas dicas para evitar dívidas:

     •  Controlar gastos

     •  Não gastar mais do que ganha

     •  Priorizar pagamentos de contas e dívidas


                                5.  INVESTIMENTOS

     5.1) CONCEITO :  Investir é colocar o dinheiro para trabalhar e ganhar
     mais.

     •  Existem diferentes tipos de investimentos, como poupança, ações,
     imóveis e outros.

     •  É importante escolher o tipo de investimento que melhor se adequa
     ao seu perfil e objetivos financeiros.
                           6.  PROTEÇÃO FINANCEIRA

     6.1)  CONCEITO : é o conjunto de medidas para       garantir a segu-
     rança financeira em caso de imprevistos, como          doenças, aciden-
     tes ou morte.

     6.2) ALGUMAS MEDIDAS DE PROTEÇÃO FINANCEIRA SÃO:

     •  Ter seguro de vida e saúde

     •  Fazer uma previdência complementar

     •    Poupar para a aposentadoria

     CONCLUSÃO: Educação financeira é um processo contínuo e é
     importante para alcançar seus objetivos financeiros.]]></page><page Index="4"><![CDATA[Prof. João Carlos F. de Jesus   Tel : 988425036   -  Licenciado  e Especialista em Matemática UFPA
                          CURSO DE MATEMÁTICA PROFESSOR JOÃO CARLOS           Pág:4

      1.  O que é receita e despesa?


      2.  Como fazer um orçamento financeiro?




      3.  Por que é importante fazer um planejamento financeiro?




      4.  O que são dívidas?




      5.  Como evitar dívidas desnecessárias?




      6.  O que são investimentos?




      7.  Qual é a diferença entre poupança e ações?




      8.  Como escolher o melhor tipo de investimento?]]></page><page Index="5"><![CDATA[Prof. João Carlos F. de Jesus   Tel : 988425036   -  Licenciado  e Especialista em Matemática UFPA
                          CURSO DE MATEMÁTICA PROFESSOR JOÃO CARLOS           Pág:5





     9.  O que é proteção financeira?




     10. Por que é importante ter seguro de vida e saúde?




     11. O que é previdência complementar?




     12. Como poupar para a aposentadoria?



     13. Por que é importante poupar dinheiro?




     14. O que são metas financeiras?



     15. Como definir metas financeiras?]]></page><page Index="6"><![CDATA[Prof. João Carlos F. de Jesus   Tel : 988425036   -  Licenciado  e Especialista em Matemática UFPA
                          CURSO DE MATEMÁTICA PROFESSOR JOÃO CARLOS           Pág:6



     16. Como controlar gastos?




     17. O que é importante considerar ao investir o dinheiro?




     18. Qual é a importância da educação financeira?




     19. Como aplicar conceitos de educação financeira na vida pessoal?




     20. Como fazer um orçamento financeiro realista?]]></page><page Index="7"><![CDATA[Prof. João Carlos F. de Jesus   Tel : 988425036   -  Licenciado  e Especialista em Matemática UFPA
                          CURSO DE MATEMÁTICA PROFESSOR JOÃO CARLOS           Pág:7
                                           EXERCVICIOS
     1) O que é uma despesa?
     a. Entrada de dinheiro

     b. Saída de dinheiro
     c. Ambos
     d. Nenhum dos dois

     2) Qual é o primeiro passo para fazer um orçamento financeiro?
     a. Controlar gastos

     b. Listar todas as receitas e despesas
     c. Investir dinheiro
     d. Escolher tipo de investimento

     3) Qual é a finalidade do planejamento financeiro?

     a. Controlar gastos
     b. Alcançar objetivos financeiros
     c. Investir dinheiro

     d. Todas as opções acima
     4) Qual é o significado de dívidas?

     a. Empréstimos que precisam ser pagos
     b. Investimentos que rendem juros
     c. Proteção financeira

     d. Plano de aposentadoria adicional
     5) Qual é o melhor modo de evitar dívidas desnecessárias?

     a. Gastar mais do que ganha
     b. Controlar gastos

     c. Investir dinheiro
     d. Escolher tipo de investimento]]></page><page Index="8"><![CDATA[Prof. João Carlos F. de Jesus   Tel : 988425036   -  Licenciado  e Especialista em Matemática UFPA
                          CURSO DE MATEMÁTICA PROFESSOR JOÃO CARLOS           Pág:8

     6) Qual é o significado de investimentos?
     a. Colocação de dinheiro em ativos para ganhar mais

     b. Empréstimos que precisam ser pagos
     c. Proteção financeira
     d. Plano de aposentadoria adicional

     7) Qual é o tipo de investimento mais seguro?
     a. Poupança

     b. Ações
     c. Imóveis

     d. Todos os investimentos são seguros
     8) O que é importante considerar ao escolher o tipo de investimento?

     a. Perfil de risco
     b. Rentabilidade esperada
     c. Prazo de resgate

     d. Todos os itens acima
     9) O que é proteção financeira?

     a. Conjunto de medidas para garantir segurança financeira
     b. Plano de aposentadoria adicional

     c. Investimento de baixo risco
     d. Investimento de alto risco
     10) Por que é importante poupar dinheiro para a aposentadoria?

     a. Para alcançar objetivos financeiros
     b. Para garantir segurança financeira

     c. Para lidar com imprevistos
     d. Todas as opções acima]]></page></pages></Search>